n,Hannanum,Kkma,Komoran,Mecab,Okt,Twitter
1,0.9395859241485596,3.6528680324554443,1.4592828750610352,0.0007984638214111328,3.007321834564209,0.004803895950317383
